tower_id,timestamp,latency_ms,packet_loss_pct,throughput_mbps,active_users,signal_strength_dbm,jitter_ms,tower_status
HYD-4521,2026-10-07T10:00:00Z,42.5,0.4,180.2,9500,-76.2,3.8,ACTIVE
HYD-4521,2026-10-07T10:01:00Z,58.0,0.8,165.0,9900,-78.0,4.2,ACTIVE
HYD-4521,2026-10-07T10:02:00Z,75.4,1.9,130.5,10800,-82.5,6.5,ACTIVE
HYD-4521,2026-10-07T10:03:00Z,185.0,9.2,65.0,11900,-95.0,19.2,DEGRADED
HYD-4521,2026-10-07T10:04:00Z,245.0,18.2,32.0,12450,-104.0,32.0,DEGRADED
HYD-4521,2026-10-07T10:05:00Z,285.0,22.4,21.5,13100,-108.5,41.2,DEGRADED
HYD-4521,2026-10-07T10:06:00Z,310.0,26.0,14.0,13800,-111.0,48.0,DEGRADED
BLR-1001,2026-10-07T10:00:00Z,32.0,0.1,230.0,11500,-71.0,2.1,ACTIVE
BLR-1001,2026-10-07T10:01:00Z,35.5,0.2,225.0,11800,-72.5,2.4,ACTIVE
BLR-1001,2026-10-07T10:02:00Z,38.2,0.3,218.0,12100,-73.0,2.6,ACTIVE
BLR-1001,2026-10-07T10:03:00Z,215.0,13.8,24.0,16500,-96.0,25.0,DEGRADED
BLR-1001,2026-10-07T10:04:00Z,235.0,15.5,19.0,17200,-99.0,29.0,DEGRADED
MUM-3012,2026-10-07T10:00:00Z,40.0,0.4,320.0,14500,-69.0,2.9,ACTIVE
MUM-3012,2026-10-07T10:01:00Z,41.5,0.5,315.0,14900,-70.0,3.0,ACTIVE
MUM-3012,2026-10-07T10:02:00Z,999.0,100.0,0.0,0,-130.0,0.0,DOWN
DEL-5001,2026-10-07T10:00:00Z,28.0,0.2,260.0,13500,-74.0,2.2,ACTIVE
DEL-5088,2026-10-07T10:00:00Z,31.0,0.3,240.0,12800,-73.5,2.5,ACTIVE
CHN-6020,2026-10-07T10:00:00Z,36.5,0.4,190.0,8200,-75.0,3.1,ACTIVE
PUN-7014,2026-10-07T10:00:00Z,48.0,0.6,85.0,6900,-79.0,4.5,ACTIVE
